"","(Intercept)","Bottom.Temp.Summer","Bottom.Temp.Winter","Mixed.Layer.Summer","Mixed.Layer.Winter","Salinity.Summer","Salinity.Winter","SSH.Summer","SSH.Winter","SST.Summer","SST.Winter","ChlModis50.Fall","ChlModis50.Spring","ChlModis50.Summer","ChlModis50.Winter","deepGulf.Summer"
"deepGulf.Winter",5.69810149359876,6.77016841889111,33.0127411710766,185.997043553862,-267.983554062703,-1.6279496248129,20.8794702390696,150.232891373194,39.9439430709774,-22.1764977967618,-12.7363619932127,-109.345755544966,190.956319446107,44.5189154666465,86.9498068694268,86.8002567111876
"surfGulf.Summer",-6.00945570760535,-7.11724709976625,-36.0412549353169,-194.138104833257,284.762313034423,1.82908241970249,-22.3040171085556,-160.531348736245,-38.7183814133627,23.1129977579772,14.2830972687203,111.848182702576,-198.191729865462,-50.4792594325124,-90.9570292025148,-90.8900849136332
"surfGulf.Winter",-13.4247606461354,-16.282223601641,-79.0967883764281,-424.142484667136,633.546196154048,3.77441617488972,-49.1881809569167,-359.701812199455,-86.7091882174386,51.5135624719026,30.7225905263655,247.973072651349,-441.479670577584,-113.091550627826,-202.021988480343,-204.069065381713
