,Black Sea Bass,Gag Grouper,Snowy Grouper ,Scamp, Red Porgy,Red Grouper,Greater Amberjack,Red Snapper,Gray Triggerfish,Vermilion Snapper
Bottom T Winter,-0.407870762038257,NA,NA,NA,-0.535824685651453,NA,NA,0.438360517965441,NA,NA
Mixed Layer Winter,NA,NA,NA,NA,NA,NA,NA,NA,0.430022044575269,NA
Salinity Winter,NA,NA,NA,NA,NA,NA,NA,NA,0.442970567673473,NA
SSH Winter,-0.645605309678213,-0.472054719000311,-0.399496542754272,-0.470476882349223,-0.528737307031697,-0.356121264962384,NA,0.549816168953602,NA,NA
SST Winter,NA,NA,NA,NA,-0.398235927737914,NA,NA,NA,NA,NA
,,,,,,,,,,
Chl Winter,0.537501863139296,0.466817181689019,0.483328147858785,NA,0.499295584503631,NA,NA,NA,NA,NA