,Gag Grouper,Greater Amberjack,Gray Triggerfish, Red Porgy,Red Grouper,Black Sea Bass,Red Snapper,Scamp,Snowy Grouper ,Vermilion Snapper
Chl Fall,NA,-0.64459615761482,NA,NA,NA,NA,NA,NA,NA,NA
Chl Spring,NA,NA,NA,0.706114213522791,0.475915646432611,0.618376328444253,-0.465589367240093,NA,NA,NA
Chl Summer,NA,-0.605591505545154,-0.527116413801668,NA,0.430209390448275,NA,NA,NA,NA,-0.545321001421859
Chl Winter,0.466817181689019,NA,NA,0.499295584503631,NA,0.537501863139296,NA,NA,0.483328147858785,NA
